Set	AA	Property	Value
Atchley	A	Polarity	-0.591
Atchley	C	Polarity	-1.343
Atchley	D	Polarity	1.05
Atchley	E	Polarity	1.357
Atchley	F	Polarity	-1.006
Atchley	G	Polarity	-0.384
Atchley	H	Polarity	0.336
Atchley	I	Polarity	-1.239
Atchley	K	Polarity	1.831
Atchley	L	Polarity	-1.019
Atchley	M	Polarity	-0.663
Atchley	N	Polarity	0.945
Atchley	P	Polarity	0.189
Atchley	Q	Polarity	0.931
Atchley	R	Polarity	1.538
Atchley	S	Polarity	-0.228
Atchley	T	Polarity	-0.032
Atchley	V	Polarity	-1.337
Atchley	W	Polarity	-0.595
Atchley	Y	Polarity	0.26
Atchley	A	Volume	-0.733
Atchley	C	Volume	-0.862
Atchley	D	Volume	-3.656
Atchley	E	Volume	1.477
Atchley	F	Volume	1.891
Atchley	G	Volume	1.33
Atchley	H	Volume	-1.673
Atchley	I	Volume	2.131
Atchley	K	Volume	0.533
Atchley	L	Volume	-1.505
Atchley	M	Volume	2.219
Atchley	N	Volume	1.299
Atchley	P	Volume	-1.628
Atchley	Q	Volume	-3.005
Atchley	R	Volume	1.502
Atchley	S	Volume	-4.76
Atchley	T	Volume	2.213
Atchley	V	Volume	-0.544
Atchley	W	Volume	0.672
Atchley	Y	Volume	3.097
Atchley	A	Iso-electric point	-0.146
Atchley	C	Iso-electric point	-0.255
Atchley	D	Iso-electric point	-3.242
Atchley	E	Iso-electric point	-0.837
Atchley	F	Iso-electric point	0.412
Atchley	G	Iso-electric point	2.064
Atchley	H	Iso-electric point	-0.078
Atchley	I	Iso-electric point	0.816
Atchley	K	Iso-electric point	1.648
Atchley	L	Iso-electric point	-0.912
Atchley	M	Iso-electric point	1.212
Atchley	N	Iso-electric point	0.933
Atchley	P	Iso-electric point	-1.392
Atchley	Q	Iso-electric point	-1.853
Atchley	R	Iso-electric point	2.897
Atchley	S	Iso-electric point	-2.647
Atchley	T	Iso-electric point	1.313
Atchley	V	Iso-electric point	-1.262
Atchley	W	Iso-electric point	-0.184
Atchley	Y	Iso-electric point	1.512
LCAP	A	Polarity	-0.9956290326072353
LCAP	C	Polarity	-1.107220007612595
LCAP	D	Polarity	-0.9956292005349376
LCAP	E	Polarity	-0.8100842857525447
LCAP	F	Polarity	-0.7357356892564315
LCAP	G	Polarity	0.4912036016809371
LCAP	H	Polarity	0.04436400722996305
LCAP	I	Polarity	0.2672975016276415
LCAP	K	Polarity	0.0823447525566536
LCAP	L	Polarity	-0.624379765568966
LCAP	M	Polarity	0.9376066737521076
LCAP	N	Polarity	0.9747140546900138
LCAP	P	Polarity	1.383229010106464
LCAP	Q	Polarity	1.271792102330754
LCAP	R	Polarity	1.904064473242525
LCAP	S	Polarity	1.643233506555707
LCAP	T	Polarity	-0.8846717344020271
LCAP	V	Polarity	-0.9219033329616851
LCAP	W	Polarity	0.9747140551029528
LCAP	Y	Polarity	0.4163765565466709
LCAP	A	Volume	1.257637282334762
LCAP	C	Volume	0.7687291690973896
LCAP	D	Volume	0.7687283894814801
LCAP	E	Volume	0.6290409911059951
LCAP	F	Volume	0.1401332510120709
LCAP	G	Volume	-1.070491916990394
LCAP	H	Volume	-1.058850814502372
LCAP	I	Volume	-0.3953354747308322
LCAP	K	Volume	-1.093771866791469
LCAP	L	Volume	1.350763381619076
LCAP	M	Volume	0.4195123000264476
LCAP	N	Volume	0.1634169621566906
LCAP	P	Volume	-0.5117403202399798
LCAP	Q	Volume	0.9549794083529999
LCAP	R	Volume	-0.5583026469068318
LCAP	S	Volume	0.1168546775994032
LCAP	T	Volume	-0.535022037570798
LCAP	V	Volume	2.142318464323941
LCAP	W	Volume	1.071384899476407
LCAP	Y	Volume	-1.745647766340383
LCAP	A	Iso-electric point	-0.3057542421356372
LCAP	C	Iso-electric point	-0.02273844767848476
LCAP	D	Iso-electric point	-9.737035422433548e-05
LCAP	E	Iso-electric point	-0.1585867248775605
LCAP	F	Iso-electric point	-0.03405832632980638
LCAP	G	Iso-electric point	-0.192548376206011
LCAP	H	Iso-electric point	0.1583919144982974
LCAP	I	Iso-electric point	0.07914812431496633
LCAP	K	Iso-electric point	-0.01141750903277056
LCAP	L	Iso-electric point	-0.2038687480243035
LCAP	M	Iso-electric point	0.8885757410301605
LCAP	N	Iso-electric point	-0.2095283729063603
LCAP	P	Iso-electric point	-0.3453753360155064
LCAP	Q	Iso-electric point	2.105545575730344
LCAP	R	Iso-electric point	-1.839706056109631
LCAP	S	Iso-electric point	-1.584990785596673
LCAP	T	Iso-electric point	-0.5378282523391487
LCAP	V	Iso-electric point	-0.07368049231084244
LCAP	W	Iso-electric point	2.682902758933077
LCAP	Y	Iso-electric point	-0.02839872447370546
